CREATE DATABASE CSE_A4_177

USE CSE_A4_177

CREATE TABLE DEPOSIT(ACTNO INT,
					 CNAME VARCHAR(50),
					 BNAME VARCHAR(50),
					 AMOUNT DECIMAL(8,2),
					 ADATE DATETIME);


INSERT INTO DEPOSIT(ACTNO, CNAME, BNAME,AMOUNT,ADATE)
			VALUES(101,'ANIL','VRCE',1000.00,'1995-03-01');	
INSERT INTO DEPOSIT(ACTNO, CNAME, BNAME,AMOUNT,ADATE)
			VALUES(102,'SUNIL','AJNI',5000.00,'1996-01-04');
INSERT INTO DEPOSIT(ACTNO, CNAME, BNAME,AMOUNT,ADATE)
			VALUES(103,'MEHUL','KAROLBAGH',2500.00,'1995-11-04');	
INSERT INTO DEPOSIT(ACTNO, CNAME, BNAME,AMOUNT,ADATE)
			VALUES(104,'MADHURI','CHANDI',1200.00,'1995-12-17');
INSERT INTO DEPOSIT(ACTNO, CNAME, BNAME,AMOUNT,ADATE)
			VALUES(105,'PRAMOD','M.G.ROAD',3000.00,'1996-03-27');
INSERT INTO DEPOSIT(ACTNO, CNAME, BNAME,AMOUNT,ADATE)
			VALUES(106,'SANDIP','ANDHERI',2000.00,'1996-03-31');
INSERT INTO DEPOSIT(ACTNO, CNAME, BNAME,AMOUNT,ADATE)
			VALUES(107,'SHIVANI','VIRAR',1000.00,'1995-09-05');
INSERT INTO DEPOSIT(ACTNO, CNAME, BNAME,AMOUNT,ADATE)
			VALUES(108,'KRANTI','NEHRU PLACE',5000.00,'1995-07-02');	
INSERT INTO DEPOSIT(ACTNO, CNAME, BNAME,AMOUNT,ADATE)
			VALUES(109,'MINU','POWAI',7000.00,'1995-08-10');	
			
SELECT *
FROM DEPOSIT

DROP TABLE DEPOSIT

TRUNCATE TABLE DEPOSIT



			
CREATE TABLE BRANCH(BNAME VARCHAR(50),
					CITY VARCHAR(50));

INSERT INTO BRANCH VALUES ('VRCE','NAGPUR'),
						  ('AJNI','NAGPUR'),
						  ('KAROLBAGH','DELHI'),
						  ('CHANDI','DELHI'),
						  ('DHARAMPETH','NAGPUR'),
						  ('M.G.ROAD','BANGLORE'),
						  ('ANDHERI','BOMBAY'),
						  ('VIRAR','BOMBAY'),
						  ('NEHRU PLACE','DELHI'),
						  ('POWAI','BOMBAY');

SELECT *
FROM BRANCH

DROP TABLE BRANCH

CREATE TABLE CUSTOMERS(CNAME VARCHAR(50),
					   CITY VARCHAR (50));	

INSERT INTO CUSTOMERS VALUES ('ANIL','CALCUTTA'),
						     ('SUNIL','DELHI'), 
							 ('MEHUL','BARODA'),
							 ('MANDAR','PATNA'),
							 ('MADHURI','NAGPUR'),
							 ('PRAMOD','NAGPUR'),
							 ('SANDIP','SURAT'),
							 ('SHIVANI','BOMBAY'),
							 ('KRANTI','BOMBAY'),
							 ('NAREN','BOMBAY'); 

SELECT *
FROM CUSTOMERS

DROP TABLE CUSTOMERS


CREATE TABLE BORROW(LOANNO INT ,
					CNAME VARCHAR(50),
					BNAME VARCHAR(50),
					AMOUNT DECIMAL(8,2));

INSERT INTO BORROW VALUES (201,'ANIL','VRCE',1000.00),
						  (206,'MEHUL','AJNI',5000.00),
						  (311,'SUNIL','DHARAMRETH',3000.00),
						  (321,'MADHURI','ANDHERI',2000.00),
						  (375,'PRAMOD','VIRAR',8000.00),
						  (481,'KRANTI','NRHRU PLACE',3000.00); 
						  
SELECT *
FROM BORROW
SELECT * FROM DEPOSIT

